Unnamed: 0,call_failure,complains,subscription_length,charge_amount,seconds_of_use,frequency_of_use,frequency_of_sms,distinct_called_numbers,age_group,tariff_plan,status,age,customer_value,actual_churn,churn_probability,risk_segment,retention_priority,recommended_action
0,8,0,38,0,4370,71,5,17,3,1,1,30,197.64,0,0.0003101897,Low,Routine,Maintain standard customer engagement
7,13,0,37,2,9115,121,144,43,3,1,1,30,945.44,0,7.0661095e-05,Low,Routine,Maintain standard customer engagement
11,9,0,38,0,2238,54,8,17,3,1,2,30,123.68,0,0.0028996638,Low,Routine,Maintain standard customer engagement
14,9,0,37,0,15485,182,150,30,2,1,1,25,1380.015,0,0.0006292609,Low,Routine,Maintain standard customer engagement
15,3,0,37,1,6500,86,186,26,3,1,1,30,1007.44,0,5.18249e-05,Low,Routine,Maintain standard customer engagement
17,2,0,38,0,710,14,13,8,3,1,2,30,80.96,0,0.21875997,Medium,Monitor,Send proactive engagement and satisfaction check
19,3,0,37,0,7508,127,384,43,2,1,1,25,2071.575,0,0.00015335198,Low,Routine,Maintain standard customer engagement
25,1,0,34,0,2840,22,0,14,3,1,1,30,114.48,0,0.0009799261,Low,Routine,Maintain standard customer engagement
26,9,0,35,0,2990,41,9,16,3,1,2,30,157.24,1,0.99697125,Critical,Immediate,Escalate for immediate retention intervention
43,2,0,25,0,3225,61,8,23,3,1,1,30,163.44,0,1.7843691e-05,Low,Routine,Maintain standard customer engagement
47,8,0,16,3,2853,45,31,19,3,2,1,30,239.92,0,0.00031913968,Low,Routine,Maintain standard customer engagement
52,13,0,39,1,2513,63,364,26,3,1,1,30,1559.04,0,3.3000135e-05,Low,Routine,Maintain standard customer engagement
55,14,0,40,2,3835,85,37,30,3,2,1,30,304.8,0,0.00041620815,Low,Routine,Maintain standard customer engagement
56,7,0,40,1,2420,42,290,20,3,1,1,30,1258.48,0,3.579662e-05,Low,Routine,Maintain standard customer engagement
70,10,0,39,2,11525,157,16,49,4,2,1,45,332.05,0,9.053152e-05,Low,Routine,Maintain standard customer engagement
72,26,1,35,1,1015,50,21,19,3,1,1,30,126.6,1,0.9998332,Critical,Immediate,Escalate for immediate retention intervention
74,16,0,38,2,5878,101,31,26,2,1,1,25,408.555,0,0.550602,High,High,Initiate targeted retention outreach
78,3,0,38,1,193,5,5,4,3,1,1,30,27.92,1,0.06339519,Low,Routine,Maintain standard customer engagement
86,6,0,37,1,1725,47,43,22,3,1,1,30,242.88,0,0.00057526573,Low,Routine,Maintain standard customer engagement
87,9,0,38,1,2840,56,180,25,2,1,1,25,940.32,0,0.0003254017,Low,Routine,Maintain standard customer engagement
94,5,0,20,1,1755,29,33,16,2,1,1,25,228.78,0,4.3881548e-05,Low,Routine,Maintain standard customer engagement
108,4,0,36,0,13713,166,0,42,3,1,1,30,555.16,0,3.156437e-05,Low,Routine,Maintain standard customer engagement
110,3,0,36,0,5858,92,2,10,2,1,1,25,276.75,0,0.0071147326,Low,Routine,Maintain standard customer engagement
113,1,0,36,0,3035,24,478,6,3,1,1,30,2034.36,0,0.00012460083,Low,Routine,Maintain standard customer engagement
115,0,0,35,0,6440,83,181,24,3,1,1,30,984.92,0,2.0655249e-05,Low,Routine,Maintain standard customer engagement
119,0,0,35,0,7448,124,379,41,2,1,1,25,2046.24,0,5.6090103e-05,Low,Routine,Maintain standard customer engagement
121,5,0,35,0,6658,72,103,35,2,1,1,25,766.35,0,0.0004280358,Low,Routine,Maintain standard customer engagement
122,20,0,31,0,895,44,11,15,2,1,2,25,91.755,1,0.99214435,Critical,Immediate,Escalate for immediate retention intervention
128,0,1,34,0,0,0,0,0,3,1,2,30,0.0,1,0.9999498,Critical,Immediate,Escalate for immediate retention intervention
132,0,0,34,0,0,0,0,0,5,1,1,55,0.0,0,0.002707783,Low,Routine,Maintain standard customer engagement
135,0,0,34,0,3658,79,0,26,2,1,1,25,168.165,0,4.2745596e-05,Low,Routine,Maintain standard customer engagement
136,0,0,33,0,1605,41,33,18,3,1,2,30,197.84,0,0.0012293543,Low,Routine,Maintain standard customer engagement
138,1,0,25,0,1255,33,188,9,2,2,1,25,903.96,0,9.949638e-07,Low,Routine,Maintain standard customer engagement
143,0,0,23,0,3165,58,3,21,3,1,1,30,140.92,0,3.917361e-06,Low,Routine,Maintain standard customer engagement
148,0,0,7,0,4330,37,210,8,3,1,1,30,1014.68,0,0.00032770456,Low,Routine,Maintain standard customer engagement
149,0,0,7,0,1428,16,0,5,3,1,1,30,57.76,1,0.9989274,Critical,Immediate,Escalate for immediate retention intervention
153,11,0,42,1,4278,68,11,39,1,1,1,15,299.53,0,5.497571e-05,Low,Routine,Maintain standard customer engagement
163,5,0,42,2,3175,29,493,12,3,1,1,30,2100.16,0,6.3713082e-06,Low,Routine,Maintain standard customer engagement
173,22,1,40,9,10515,95,11,46,5,1,1,55,175.65,0,0.0030074911,Low,Routine,Maintain standard customer engagement
175,2,0,38,1,2920,24,10,18,3,1,1,30,157.76,0,0.00033730472,Low,Routine,Maintain standard customer engagement
176,10,0,39,0,3070,43,19,20,3,1,2,30,200.52,1,0.9882442,Critical,Immediate,Escalate for immediate retention intervention
181,1,1,40,0,708,9,19,8,4,1,2,45,65.425,1,0.9998807,Critical,Immediate,Escalate for immediate retention intervention
185,3,0,40,1,3798,84,12,32,3,1,1,30,203.28,0,2.6512529e-05,Low,Routine,Maintain standard customer engagement
189,5,0,30,1,1648,41,40,72,4,1,1,45,142.225,0,0.0009586315,Low,Routine,Maintain standard customer engagement
195,17,0,21,2,6473,143,95,46,2,2,1,25,725.22,0,0.00022529044,Low,Routine,Maintain standard customer engagement
197,9,0,20,4,2933,47,41,23,3,1,1,30,283.2,0,0.00017748297,Low,Routine,Maintain standard customer engagement
199,4,0,13,2,1568,21,10,11,3,1,1,30,103.56,1,0.93802905,Critical,Immediate,Escalate for immediate retention intervention
202,9,0,33,0,2373,58,349,20,2,1,1,25,1679.895,0,0.0001697152,Low,Routine,Maintain standard customer engagement
211,8,0,34,0,2158,52,0,13,3,1,2,30,88.4,0,0.0038207667,Low,Routine,Maintain standard customer engagement
212,24,0,34,2,15060,223,44,28,3,1,1,30,787.32,0,0.00017104199,Low,Routine,Maintain standard customer engagement
218,0,0,33,0,0,0,0,0,2,1,2,25,0.0,1,0.91249186,Critical,Immediate,Escalate for immediate retention intervention
221,7,0,33,0,6638,73,98,33,2,1,1,25,742.995,0,0.000979361,Low,Routine,Maintain standard customer engagement
225,0,0,30,0,2760,20,0,10,3,1,1,30,111.2,0,0.00049864734,Low,Routine,Maintain standard customer engagement
237,5,0,32,0,2700,51,165,19,2,1,1,25,866.295,0,0.00011561896,Low,Routine,Maintain standard customer engagement
245,15,0,13,0,6313,139,75,38,1,2,1,15,767.36,0,0.00011941932,Low,Routine,Maintain standard customer engagement
250,13,0,44,1,4630,81,20,23,3,1,1,30,268.44,0,7.636018e-05,Low,Routine,Maintain standard customer engagement
251,5,0,45,0,578,15,22,10,3,1,2,30,111.72,0,0.034166154,Low,Routine,Maintain standard customer engagement
252,15,0,43,1,2713,70,374,30,3,1,1,30,1607.32,0,0.00015967789,Low,Routine,Maintain standard customer engagement
258,12,0,44,1,14033,179,15,50,3,1,1,30,628.48,0,5.817587e-05,Low,Routine,Maintain standard customer engagement
263,9,0,44,2,3355,37,498,14,3,1,1,30,2127.68,0,5.6715315e-05,Low,Routine,Maintain standard customer engagement
265,8,0,43,2,6760,96,201,32,3,1,1,30,1078.24,0,0.00013014583,Low,Routine,Maintain standard customer engagement
268,5,0,43,0,260,10,15,6,2,1,2,25,79.65,1,0.45546398,Medium,Monitor,Send proactive engagement and satisfaction check
278,5,0,42,0,393,12,15,8,3,1,2,30,76.2,1,0.39831138,Medium,Monitor,Send proactive engagement and satisfaction check
297,13,0,22,4,3113,55,46,25,3,1,1,30,310.72,0,8.9769084e-05,Low,Routine,Maintain standard customer engagement
298,7,0,15,2,4650,50,230,16,3,1,1,30,1108.0,0,4.7436013e-05,Low,Routine,Maintain standard customer engagement
299,8,1,15,2,1748,29,15,13,3,1,1,30,131.08,1,0.9997348,Critical,Immediate,Escalate for immediate retention intervention
301,0,0,33,0,0,0,0,0,2,1,2,25,0.0,0,0.91249186,Critical,Immediate,Escalate for immediate retention intervention
307,8,0,31,1,8855,111,129,37,3,1,1,30,874.64,0,7.224049e-05,Low,Routine,Maintain standard customer engagement
310,1,0,32,0,5658,85,0,6,2,1,1,25,258.435,0,0.020420387,Low,Routine,Maintain standard customer engagement
312,20,0,32,2,14880,215,39,26,3,1,1,30,759.8,0,0.00010576821,Low,Routine,Maintain standard customer engagement
314,4,0,31,0,15225,172,135,24,2,1,1,25,1300.365,0,0.00024091238,Low,Routine,Maintain standard customer engagement
320,2,0,31,0,11205,144,0,41,3,1,1,30,453.96,0,2.8602128e-05,Low,Routine,Maintain standard customer engagement
323,16,0,30,7,10175,83,0,36,4,1,1,45,256.45,0,0.00016535577,Low,Routine,Maintain standard customer engagement
325,0,0,28,0,2580,12,0,8,3,1,1,30,103.68,0,0.00012383483,Low,Routine,Maintain standard customer engagement
326,4,0,29,0,2730,31,0,10,2,1,2,25,124.245,1,0.97598934,Critical,Immediate,Escalate for immediate retention intervention
334,1,0,28,2,6705,106,256,27,2,2,1,25,1458.495,0,5.866775e-05,Low,Routine,Maintain standard customer engagement
341,0,0,20,0,0,0,6,0,4,1,2,45,15.0,0,0.012314235,Low,Routine,Maintain standard customer engagement
343,0,0,19,0,2965,51,0,17,3,1,1,30,120.64,0,1.5371073e-05,Low,Routine,Maintain standard customer engagement
347,3,0,10,2,2593,35,16,13,3,1,1,30,169.12,0,0.104311205,Medium,Monitor,Send proactive engagement and satisfaction check
358,9,0,41,0,13953,177,11,49,3,1,1,30,609.2,0,6.857199e-05,Low,Routine,Maintain standard customer engagement
360,8,0,41,0,6098,103,18,17,3,1,1,30,320.04,0,5.303708e-05,Low,Routine,Maintain standard customer engagement
362,27,0,41,3,15320,233,65,37,3,1,1,30,882.12,0,0.00010125673,Low,Routine,Maintain standard customer engagement
365,5,0,40,1,6680,94,197,31,3,1,1,30,1058.96,0,4.2332107e-05,Low,Routine,Maintain standard customer engagement
370,9,0,40,1,11645,162,22,52,4,1,1,45,350.175,0,0.00012431352,Low,Routine,Maintain standard customer engagement
371,10,0,40,1,6898,83,119,42,2,1,1,25,849.645,0,0.0018448813,Low,Routine,Maintain standard customer engagement
374,15,0,39,1,5998,106,37,29,2,1,1,25,441.18,0,0.12422147,Medium,Monitor,Send proactive engagement and satisfaction check
375,3,0,37,0,3020,30,11,19,3,1,1,30,166.0,0,0.0037906617,Low,Routine,Maintain standard customer engagement
376,11,1,38,0,3170,49,20,21,3,1,2,30,208.76,1,0.9976799,Critical,Immediate,Escalate for immediate retention intervention
377,11,1,39,0,2448,52,45,36,3,1,2,30,280.0,1,0.9936154,Critical,Immediate,Escalate for immediate retention intervention
378,2,1,39,0,313,10,11,7,3,1,2,30,56.92,1,0.9995597,Critical,Immediate,Escalate for immediate retention intervention
385,4,0,39,0,3898,90,13,33,2,1,1,25,237.96,0,0.0022560572,Low,Routine,Maintain standard customer engagement
386,5,0,38,0,1845,52,49,25,3,1,2,30,271.88,0,0.007215757,Low,Routine,Maintain standard customer engagement
388,6,1,30,1,1495,44,204,16,2,2,1,25,987.255,1,0.981062,Critical,Immediate,Escalate for immediate retention intervention
391,2,0,29,0,1005,18,32,8,4,1,2,45,105.575,0,0.002534928,Low,Routine,Maintain standard customer engagement
398,4,0,12,1,4570,48,226,15,3,1,1,30,1088.72,0,0.00013490669,Low,Routine,Maintain standard customer engagement
399,5,0,12,1,1668,27,11,12,3,1,1,30,111.8,1,0.86039925,High,High,Initiate targeted retention outreach
405,9,0,35,1,3595,74,21,23,3,1,1,30,230.76,0,0.00039452204,Low,Routine,Maintain standard customer engagement
420,5,0,34,1,11285,146,0,42,4,1,1,45,285.775,0,8.477991e-05,Low,Routine,Maintain standard customer engagement
421,6,0,34,1,6538,67,97,32,2,1,1,25,733.725,0,0.0004492662,Low,Routine,Maintain standard customer engagement
427,7,1,33,0,2088,36,23,26,3,1,2,30,176.96,1,0.99980253,Critical,Immediate,Escalate for immediate retention intervention
429,0,0,33,0,1488,17,0,1,3,1,1,30,60.2,0,0.0019250133,Low,Routine,Maintain standard customer engagement
444,0,0,15,0,1515,18,17,9,2,1,1,25,145.485,0,0.00061441486,Low,Routine,Maintain standard customer engagement
445,14,0,14,1,6213,133,74,37,2,2,1,25,618.57,0,0.00034010963,Low,Routine,Maintain standard customer engagement
448,0,0,6,1,4210,32,204,5,3,1,1,30,985.68,0,0.0004194557,Low,Routine,Maintain standard customer engagement
452,14,0,37,2,3053,70,380,39,3,1,1,30,1644.92,0,0.00023104383,Low,Routine,Maintain standard customer engagement
462,29,0,38,5,15740,235,75,47,3,1,1,30,939.0,0,9.739019e-05,Low,Routine,Maintain standard customer engagement
467,6,0,38,0,1310,24,34,23,3,1,2,30,189.36,0,0.28900087,Medium,Monitor,Send proactive engagement and satisfaction check
482,4,0,36,3,938,14,25,17,5,1,1,55,51.78,0,0.0053920145,Low,Routine,Maintain standard customer engagement
484,10,0,34,5,7565,126,292,48,2,2,1,25,1660.095,0,0.0003268079,Low,Routine,Maintain standard customer engagement
487,10,0,36,2,3380,63,196,38,2,1,1,25,1036.935,0,0.00052837434,Low,Routine,Maintain standard customer engagement
490,15,0,27,0,1300,35,31,22,3,1,2,30,177.4,0,0.012523367,Low,Routine,Maintain standard customer engagement
491,4,0,26,0,1425,20,42,18,4,1,2,45,141.125,0,0.0021927154,Low,Routine,Maintain standard customer engagement
493,6,0,25,2,3825,71,29,38,3,1,1,30,271.84,0,4.3373686e-05,Low,Routine,Maintain standard customer engagement
494,6,0,18,2,2295,36,49,29,2,1,1,25,325.395,0,0.0007015564,Low,Routine,Maintain standard customer engagement
495,20,0,17,3,6993,151,106,57,2,2,1,25,798.48,0,0.00022436673,Low,Routine,Maintain standard customer engagement
512,21,0,38,1,14540,215,33,17,3,1,1,30,722.2,0,0.00012037981,Low,Routine,Maintain standard customer engagement
514,5,0,37,0,14885,172,129,15,2,1,1,25,1258.065,0,0.00010388819,Low,Routine,Maintain standard customer engagement
516,0,0,37,0,275,4,0,1,2,1,2,25,12.555,0,0.057754364,Low,Routine,Maintain standard customer engagement
521,4,0,37,0,6118,65,87,22,2,1,1,25,669.735,0,0.00012698756,Low,Routine,Maintain standard customer engagement
533,21,0,31,1,15475,228,0,65,2,1,1,25,706.635,0,0.0006724688,Low,Routine,Maintain standard customer engagement
535,0,0,36,0,3118,72,0,13,2,1,1,25,143.55,0,3.071769e-05,Low,Routine,Maintain standard customer engagement
542,6,0,25,0,625,22,0,2,2,1,1,25,29.115,0,0.00029489023,Low,Routine,Maintain standard customer engagement
547,4,0,16,1,2253,35,10,4,3,1,1,30,131.52,0,0.11217297,Medium,Monitor,Send proactive engagement and satisfaction check
556,4,0,39,1,2475,45,317,22,4,1,1,45,855.5,0,2.5543703e-05,Low,Routine,Maintain standard customer engagement
559,7,0,39,2,4630,89,34,29,3,1,1,30,324.76,0,0.00017354116,Low,Routine,Maintain standard customer engagement
560,6,0,39,1,6033,101,39,16,3,1,1,30,401.36,0,0.00016608677,Low,Routine,Maintain standard customer engagement
563,4,0,39,2,3210,33,515,12,4,1,1,45,1368.575,0,2.6340178e-05,Low,Routine,Maintain standard customer engagement
568,0,0,38,0,115,6,32,4,2,1,2,25,149.445,1,0.15353015,Medium,Monitor,Send proactive engagement and satisfaction check
573,21,0,37,9,10550,99,33,46,5,1,1,55,209.235,0,0.00016476668,Low,Routine,Maintain standard customer engagement
574,13,0,37,2,5933,104,58,28,3,1,1,30,473.48,0,0.00024178244,Low,Routine,Maintain standard customer engagement
577,9,0,37,0,2383,50,66,35,4,1,2,45,225.825,1,0.9461028,Critical,Immediate,Escalate for immediate retention intervention
578,0,0,37,0,248,8,32,6,3,1,2,30,138.24,1,0.41532207,Medium,Monitor,Send proactive engagement and satisfaction check
591,0,0,27,0,940,16,53,7,4,1,2,45,156.4,0,0.0003466883,Low,Routine,Maintain standard customer engagement
595,16,0,18,2,6508,147,117,46,2,2,1,25,825.975,0,0.00022529044,Low,Routine,Maintain standard customer engagement
596,12,0,16,1,9048,177,105,44,5,1,1,55,295.875,0,0.00013700708,Low,Routine,Maintain standard customer engagement
603,10,0,37,0,4083,60,0,31,1,1,1,15,227.865,0,0.0019907458,Low,Routine,Maintain standard customer engagement
604,3,0,37,0,2278,52,0,29,1,1,1,15,128.15,0,0.00074891775,Low,Routine,Maintain standard customer engagement
612,25,0,37,2,15025,219,22,28,3,1,1,30,697.76,0,0.00017254917,Low,Routine,Maintain standard customer engagement
619,3,0,36,0,7393,121,352,39,2,1,1,25,1922.13,0,0.00017362888,Low,Routine,Maintain standard customer engagement
631,0,0,35,0,513,1,0,3,4,1,2,45,12.85,1,0.9991892,Critical,Immediate,Escalate for immediate retention intervention
643,2,0,24,0,3110,55,0,19,3,1,1,30,126.6,0,8.238884e-06,Low,Routine,Maintain standard customer engagement
647,8,0,15,2,2738,39,0,15,3,1,1,30,111.08,0,0.06441422,Low,Routine,Maintain standard customer engagement
650,10,0,38,0,4560,72,14,20,3,1,1,30,241.28,0,0.0010575806,Low,Routine,Maintain standard customer engagement
654,5,0,38,0,2583,59,11,36,1,1,1,15,205.81,0,0.00010295622,Low,Routine,Maintain standard customer engagement
655,13,0,38,1,3965,83,41,31,3,1,1,30,325.92,0,0.00092871574,Low,Routine,Maintain standard customer engagement
665,5,0,37,1,6690,87,195,29,3,1,1,30,1051.08,0,8.5540174e-05,Low,Routine,Maintain standard customer engagement
666,2,0,37,0,1065,15,9,14,2,1,2,25,89.1,0,0.006392908,Low,Routine,Maintain standard customer engagement
670,9,0,37,1,11655,155,20,50,4,1,1,45,345.25,0,0.00019538816,Low,Routine,Maintain standard customer engagement
672,25,1,33,0,1145,48,25,20,2,1,2,25,166.185,1,0.99992657,Critical,Immediate,Escalate for immediate retention intervention
679,3,0,36,0,1858,26,9,9,3,1,1,30,111.36,0,0.00068605697,Low,Routine,Maintain standard customer engagement
682,2,0,36,1,528,5,13,5,5,1,1,55,27.495,0,0.03663893,Low,Routine,Maintain standard customer engagement
686,5,0,35,0,1855,45,47,23,3,1,2,30,264.0,0,0.011520219,Low,Routine,Maintain standard customer engagement
687,8,0,36,0,2970,54,184,26,2,1,1,25,964.08,0,0.00044067114,Low,Routine,Maintain standard customer engagement
689,6,0,26,0,1758,40,39,71,4,1,1,45,142.45,0,0.0010055203,Low,Routine,Maintain standard customer engagement
696,14,0,15,0,9122,172,82,43,4,1,1,45,437.35,0,0.00028041677,Low,Routine,Maintain standard customer engagement
701,0,0,39,0,128,4,0,1,2,1,2,25,5.94,0,0.17496221,Medium,Monitor,Send proactive engagement and satisfaction check
703,8,0,38,0,4008,65,0,32,1,1,1,15,224.015,0,0.00020653843,Low,Routine,Maintain standard customer engagement
717,0,0,38,0,520,13,4,5,3,1,2,30,37.32,0,0.13555267,Medium,Monitor,Send proactive engagement and satisfaction check
723,19,0,36,8,10245,92,0,39,5,2,1,55,155.055,0,0.00014381911,Low,Routine,Maintain standard customer engagement
724,11,0,36,1,5628,97,17,21,2,1,1,25,334.125,1,0.9979868,Critical,Immediate,Escalate for immediate retention intervention
727,7,0,36,0,2078,43,25,28,3,1,2,30,184.84,1,0.9856683,Critical,Immediate,Escalate for immediate retention intervention
736,1,0,35,0,1475,43,29,17,3,1,2,30,176.72,0,0.00046515654,Low,Routine,Maintain standard customer engagement
751,0,0,34,0,318,4,0,3,2,1,2,25,14.49,0,0.012540975,Low,Routine,Maintain standard customer engagement
753,8,0,33,0,4198,60,0,34,1,1,1,15,234.19,0,0.002582736,Low,Routine,Maintain standard customer engagement
758,5,0,33,0,13773,163,0,43,3,1,1,30,557.44,0,6.727413e-05,Low,Routine,Maintain standard customer engagement
761,7,1,33,0,2238,48,0,16,3,1,2,30,91.44,0,0.9965694,Critical,Immediate,Escalate for immediate retention intervention
763,2,0,33,0,3095,21,475,7,3,1,1,30,2024.64,0,1.7891489e-05,Low,Routine,Maintain standard customer engagement
775,0,0,29,0,2840,16,0,13,3,1,1,30,114.24,0,0.00045785328,Low,Routine,Maintain standard customer engagement
787,4,0,31,0,2780,47,167,22,2,1,1,25,878.715,0,0.00014685105,Low,Routine,Maintain standard customer engagement
788,2,0,22,0,1315,30,185,10,2,2,1,25,893.025,0,1.603106e-06,Low,Routine,Maintain standard customer engagement
792,8,0,20,0,1225,26,11,12,2,1,1,25,105.795,0,0.0005372113,Low,Routine,Maintain standard customer engagement
800,10,0,43,1,4370,77,13,18,3,1,1,30,229.88,0,0.00013147987,Low,Routine,Maintain standard customer engagement
802,12,0,42,1,2453,66,367,25,3,1,1,30,1568.76,0,2.8377008e-05,Low,Routine,Maintain standard customer engagement
803,12,0,43,1,4198,72,9,36,1,1,1,15,284.35,0,6.2422085e-05,Low,Routine,Maintain standard customer engagement
804,5,0,43,1,2393,64,10,34,2,1,1,25,155.565,0,6.93948e-05,Low,Routine,Maintain standard customer engagement
807,15,0,42,3,9115,127,152,44,3,1,1,30,977.68,0,7.796421e-05,Low,Routine,Maintain standard customer engagement
811,11,1,43,0,2238,60,16,18,3,1,2,30,155.92,0,0.0026061062,Low,Routine,Maintain standard customer engagement
822,25,1,38,0,955,53,24,18,3,1,2,30,136.32,1,0.99969935,Critical,Immediate,Escalate for immediate retention intervention
830,5,0,38,2,6785,103,22,23,5,1,1,55,136.32,0,1.2712852e-05,Low,Routine,Maintain standard customer engagement
834,8,0,39,4,6965,122,279,34,3,2,1,30,1399.48,0,5.5057713e-05,Low,Routine,Maintain standard customer engagement
835,4,0,41,1,3718,88,10,29,3,1,1,30,192.24,0,1.9475618e-05,Low,Routine,Maintain standard customer engagement
839,6,0,31,1,1568,45,38,69,5,1,1,55,81.195,0,0.0015575035,Low,Routine,Maintain standard customer engagement
851,6,0,40,0,1028,16,15,4,3,1,2,30,101.76,0,0.20406437,Medium,Monitor,Send proactive engagement and satisfaction check
854,9,0,39,1,3103,69,10,33,2,1,1,25,187.74,0,0.0012608309,Low,Routine,Maintain standard customer engagement
862,31,1,39,4,15850,236,62,32,3,1,1,30,891.44,0,0.0025043457,Low,Routine,Maintain standard customer engagement
867,8,0,39,0,1420,25,21,8,3,1,2,30,141.8,0,0.002448237,Low,Routine,Maintain standard customer engagement
871,14,0,38,2,7428,86,116,37,2,1,1,25,860.13,0,0.0016278109,Low,Routine,Maintain standard customer engagement
872,29,1,34,0,1665,58,24,17,3,1,2,30,164.92,1,0.99793243,Critical,Immediate,Escalate for immediate retention intervention
873,27,0,37,9,11145,104,9,42,5,2,1,55,182.235,0,0.00012682553,Low,Routine,Maintain standard customer engagement
877,15,1,37,0,2978,55,42,31,3,1,2,30,289.32,1,0.9989648,Critical,Immediate,Escalate for immediate retention intervention
886,9,0,36,0,2375,55,46,20,3,1,2,30,281.2,0,0.0063851527,Low,Routine,Maintain standard customer engagement
889,10,0,27,1,2278,50,38,68,4,1,1,45,153.2,0,0.0033748331,Low,Routine,Maintain standard customer engagement
905,5,0,37,0,3065,71,7,28,3,1,1,30,153.44,0,0.00019305371,Low,Routine,Maintain standard customer engagement
908,1,0,37,0,13063,158,0,44,3,1,1,30,528.84,0,2.1616872e-05,Low,Routine,Maintain standard customer engagement
912,19,0,37,2,14430,214,29,32,3,1,1,30,701.76,0,0.00011613486,Low,Routine,Maintain standard customer engagement
926,3,1,34,0,2280,30,0,16,2,1,2,25,103.95,1,0.999808,Critical,Immediate,Escalate for immediate retention intervention
927,3,0,35,0,1558,33,9,31,3,1,2,30,99.64,1,0.9817438,Critical,Immediate,Escalate for immediate retention intervention
928,0,0,35,0,0,0,0,0,3,1,2,30,0.0,1,0.998923,Critical,Immediate,Escalate for immediate retention intervention
936,0,0,34,0,955,33,13,20,3,1,2,30,91.52,0,0.111924015,Medium,Monitor,Send proactive engagement and satisfaction check
938,0,0,26,0,605,25,168,11,2,2,1,25,784.35,0,6.4628193e-07,Low,Routine,Maintain standard customer engagement
939,0,0,25,0,858,28,5,68,4,1,1,45,34.65,0,7.7908844e-05,Low,Routine,Maintain standard customer engagement
941,0,0,25,0,0,0,0,0,4,1,2,45,0.0,0,0.0105829835,Low,Routine,Maintain standard customer engagement
947,2,0,15,2,2142,34,6,19,3,1,1,30,111.04,0,0.009607021,Low,Routine,Maintain standard customer engagement
948,0,0,8,0,3680,29,190,10,3,1,1,30,908.36,0,0.00020836173,Low,Routine,Maintain standard customer engagement
950,8,0,38,0,4370,71,5,17,3,1,1,30,197.64,0,0.0003101897,Low,Routine,Maintain standard customer engagement
957,13,0,37,2,9115,121,144,43,3,1,1,30,945.44,0,7.0661095e-05,Low,Routine,Maintain standard customer engagement
964,9,0,37,0,15485,182,150,30,2,1,1,25,1380.015,0,0.0006292609,Low,Routine,Maintain standard customer engagement
965,3,0,37,1,6500,86,186,26,3,1,1,30,1007.44,0,5.18249e-05,Low,Routine,Maintain standard customer engagement
967,2,0,38,0,710,14,13,8,3,1,2,30,80.96,0,0.21875997,Medium,Monitor,Send proactive engagement and satisfaction check
969,3,0,37,0,7508,127,384,43,2,1,1,25,2071.575,0,0.00015335198,Low,Routine,Maintain standard customer engagement
973,21,1,36,8,10435,93,1,42,5,1,1,55,159.42,0,0.003946692,Low,Routine,Maintain standard customer engagement
975,1,0,34,0,2840,22,0,14,3,1,1,30,114.48,0,0.0009799261,Low,Routine,Maintain standard customer engagement
983,25,0,31,3,16075,238,0,80,2,1,1,25,734.085,0,0.0004924724,Low,Routine,Maintain standard customer engagement
993,2,0,25,0,3225,61,8,23,3,1,1,30,163.44,0,1.7843691e-05,Low,Routine,Maintain standard customer engagement
996,12,0,15,0,8932,171,73,40,4,1,1,45,410.075,0,0.00018454439,Low,Routine,Maintain standard customer engagement
1000,8,0,38,0,4370,71,5,17,3,1,1,30,197.64,0,0.0003101897,Low,Routine,Maintain standard customer engagement
1007,13,0,37,2,9115,121,144,43,3,1,1,30,945.44,0,7.0661095e-05,Low,Routine,Maintain standard customer engagement
1014,9,0,37,0,15485,182,150,30,2,1,1,25,1380.015,0,0.0006292609,Low,Routine,Maintain standard customer engagement
1015,3,0,37,1,6500,86,186,26,3,1,1,30,1007.44,0,5.18249e-05,Low,Routine,Maintain standard customer engagement
1017,2,0,38,0,710,14,13,8,3,1,2,30,80.96,0,0.21875997,Medium,Monitor,Send proactive engagement and satisfaction check
1019,3,0,37,0,7508,127,384,43,2,1,1,25,2071.575,0,0.00015335198,Low,Routine,Maintain standard customer engagement
1025,1,0,34,0,2840,22,0,14,3,1,1,30,114.48,0,0.0009799261,Low,Routine,Maintain standard customer engagement
1026,9,0,35,0,2990,41,9,16,3,1,2,30,157.24,1,0.99697125,Critical,Immediate,Escalate for immediate retention intervention
1043,2,0,25,0,3225,61,8,23,3,1,1,30,163.44,0,1.7843691e-05,Low,Routine,Maintain standard customer engagement
1046,12,0,15,0,8932,171,73,40,4,1,1,45,410.075,0,0.00018454439,Low,Routine,Maintain standard customer engagement
1050,3,0,36,0,4065,65,0,15,2,1,1,25,185.85,0,0.00020397197,Low,Routine,Maintain standard customer engagement
1062,20,0,36,2,14835,219,47,30,3,1,1,30,790.16,0,0.00021286645,Low,Routine,Maintain standard customer engagement
1064,4,0,35,0,15180,176,143,28,2,1,1,25,1334.52,0,0.00032265758,Low,Routine,Maintain standard customer engagement
1066,0,0,35,0,570,8,0,9,2,1,2,25,26.01,0,0.0021874635,Low,Routine,Maintain standard customer engagement
1067,0,0,36,0,405,8,6,6,2,1,2,25,45.585,0,0.020988733,Low,Routine,Maintain standard customer engagement
1069,0,0,35,0,7203,121,377,41,2,1,1,25,2026.08,0,5.6090103e-05,Low,Routine,Maintain standard customer engagement
1078,0,1,34,0,0,0,0,0,3,1,2,30,0.0,1,0.9999498,Critical,Immediate,Escalate for immediate retention intervention
1082,0,0,34,0,0,0,0,0,5,1,1,55,0.0,0,0.002707783,Low,Routine,Maintain standard customer engagement
1088,0,1,25,0,1010,30,186,9,2,2,1,25,883.8,1,0.18362878,Medium,Monitor,Send proactive engagement and satisfaction check
1089,0,0,24,0,1263,33,23,66,4,1,1,45,89.9,0,0.0002203959,Low,Routine,Maintain standard customer engagement
1092,5,0,23,0,920,26,12,11,2,1,1,25,96.57,0,7.558053e-05,Low,Routine,Maintain standard customer engagement
1094,0,0,16,0,1390,20,21,12,2,1,1,25,157.95,0,0.00035991485,Low,Routine,Maintain standard customer engagement
1095,11,0,15,0,6088,135,78,40,1,2,1,15,771.265,0,8.284592e-05,Low,Routine,Maintain standard customer engagement
1096,7,0,13,0,8628,165,66,38,4,1,1,45,384.825,0,0.00018520861,Low,Routine,Maintain standard customer engagement
1109,5,0,38,1,4270,80,0,25,3,1,1,30,174.0,0,2.5650157e-05,Low,Routine,Maintain standard customer engagement
1112,23,0,38,3,14895,222,52,32,3,1,1,30,812.68,0,0.00010970706,Low,Routine,Maintain standard customer engagement
1118,0,0,37,0,0,0,0,0,2,1,1,25,0.0,1,0.11289228,Medium,Monitor,Send proactive engagement and satisfaction check
1120,5,0,37,1,11220,151,9,47,3,1,1,30,490.84,0,2.1068636e-05,Low,Routine,Maintain standard customer engagement
1124,11,1,36,1,5573,95,24,24,2,1,1,25,363.06,1,0.999519,Critical,Immediate,Escalate for immediate retention intervention
1144,0,0,18,0,1450,23,26,14,2,1,1,25,183.285,0,1.3171663e-05,Low,Routine,Maintain standard customer engagement
1150,0,0,34,0,4005,62,0,13,2,1,1,25,183.015,0,3.1521413e-05,Low,Routine,Maintain standard customer engagement
1156,0,0,34,0,1995,30,273,14,3,1,1,30,1173.0,0,9.534856e-06,Low,Routine,Maintain standard customer engagement
1157,5,0,33,0,8750,112,132,39,3,1,1,30,882.48,0,7.519649e-05,Low,Routine,Maintain standard customer engagement
1158,0,0,34,0,13408,160,0,40,3,1,1,30,542.72,0,1.46576685e-05,Low,Routine,Maintain standard customer engagement
1160,0,0,34,0,5553,86,0,8,2,1,1,25,253.755,0,0.013898176,Low,Routine,Maintain standard customer engagement
1166,0,0,33,0,510,5,0,7,2,1,2,25,23.175,0,0.0070402124,Low,Routine,Maintain standard customer engagement
1168,0,0,33,0,0,0,0,0,2,1,2,25,0.0,1,0.91249186,Critical,Immediate,Escalate for immediate retention intervention
1170,0,0,33,0,11100,145,0,43,3,1,1,30,449.8,0,1.8306771e-05,Low,Routine,Maintain standard customer engagement
1172,15,0,29,0,590,38,4,13,2,1,2,25,46.26,1,0.96276045,Critical,Immediate,Escalate for immediate retention intervention
1175,0,0,30,0,2475,13,0,10,3,1,1,30,99.52,0,8.519437e-05,Low,Routine,Maintain standard customer engagement
1184,0,0,30,1,6600,107,259,29,2,2,1,25,1467.315,0,5.2694017e-05,Low,Routine,Maintain standard customer engagement
1186,0,0,31,0,1300,35,26,16,3,1,2,30,157.4,0,0.014009027,Low,Routine,Maintain standard customer engagement
1192,2,0,21,0,860,23,7,9,2,1,1,25,71.235,0,2.6025917e-05,Low,Routine,Maintain standard customer engagement
1194,0,0,14,0,1330,17,16,10,2,1,1,25,132.615,0,0.0009777336,Low,Routine,Maintain standard customer engagement
1204,0,0,40,0,2168,54,5,35,1,1,1,15,149.71,0,1.3517311e-05,Low,Routine,Maintain standard customer engagement
1208,3,0,40,0,13548,165,3,46,3,1,1,30,560.52,0,5.738719e-06,Low,Routine,Maintain standard customer engagement
1212,21,0,40,3,14915,221,57,34,3,1,1,30,833.44,0,0.00011786839,Low,Routine,Maintain standard customer engagement
1219,0,0,39,0,7283,123,387,45,2,1,1,25,2074.77,0,6.398253e-05,Low,Routine,Maintain standard customer engagement
1222,19,0,35,0,730,43,19,19,2,1,2,25,120.285,1,0.99946684,Critical,Immediate,Escalate for immediate retention intervention
1234,2,0,36,3,6740,112,274,35,2,2,1,25,1541.34,0,0.00011727263,Low,Routine,Maintain standard customer engagement
1235,0,0,38,0,3493,78,5,30,2,1,1,25,183.195,0,8.312076e-05,Low,Routine,Maintain standard customer engagement
1237,2,0,38,0,2555,49,178,25,2,1,1,25,918.18,0,1.0348342e-05,Low,Routine,Maintain standard customer engagement
1239,0,0,28,0,1343,35,33,70,4,1,1,45,116.95,0,0.00017804571,Low,Routine,Maintain standard customer engagement
1241,0,0,28,0,600,6,24,5,4,1,2,45,75.15,0,0.1667828,Medium,Monitor,Send proactive engagement and satisfaction check
1242,6,0,27,0,1000,28,22,15,2,1,1,25,145.26,0,0.000112702866,Low,Routine,Maintain standard customer engagement
1248,0,0,11,1,4165,36,218,12,3,1,1,30,1040.04,0,9.681979e-05,Low,Routine,Maintain standard customer engagement
1251,0,0,33,0,0,0,0,0,2,1,2,25,0.0,0,0.91249186,Critical,Immediate,Escalate for immediate retention intervention
1252,4,0,31,0,2068,52,342,18,2,1,1,25,1634.4,0,3.1307336e-05,Low,Routine,Maintain standard customer engagement
1256,0,0,32,0,1975,31,268,12,3,1,1,30,1152.24,0,5.294185e-06,Low,Routine,Maintain standard customer engagement
1260,0,0,32,0,5533,87,0,6,2,1,1,25,252.9,0,0.07680072,Low,Routine,Maintain standard customer engagement
1261,3,0,32,0,1853,46,0,11,3,1,2,30,75.96,0,0.003202911,Low,Routine,Maintain standard customer engagement
1263,0,0,32,0,2710,19,466,2,3,1,1,30,1973.16,0,4.0706025e-05,Low,Routine,Maintain standard customer engagement
1271,2,0,31,0,6333,67,91,31,2,1,1,25,697.5,0,8.607835e-05,Low,Routine,Maintain standard customer engagement
1286,0,0,29,0,1280,36,21,14,3,1,2,30,136.64,0,0.008381999,Low,Routine,Maintain standard customer engagement
1287,0,0,30,0,2395,45,158,17,2,1,1,25,820.8,0,3.8970084e-06,Low,Routine,Maintain standard customer engagement
1300,8,0,42,0,4325,75,13,21,3,1,1,30,228.0,0,9.39847e-05,Low,Routine,Maintain standard customer engagement
1309,7,0,42,1,4470,87,10,29,3,1,1,30,222.28,0,5.039636e-05,Low,Routine,Maintain standard customer engagement
1314,9,0,41,0,15440,186,158,34,2,1,1,25,1414.17,0,0.00048244858,Low,Routine,Maintain standard customer engagement
1316,0,0,41,0,830,18,8,15,2,1,2,25,74.16,0,0.0063671507,Low,Routine,Maintain standard customer engagement
1322,23,1,37,0,910,51,24,21,2,1,2,25,151.245,1,0.99989617,Critical,Immediate,Escalate for immediate retention intervention
1324,13,0,40,1,5773,102,34,28,2,1,1,25,417.375,0,0.8530863,High,High,Initiate targeted retention outreach
1326,9,1,39,0,2945,45,17,20,3,1,2,30,187.6,1,0.99889165,Critical,Immediate,Escalate for immediate retention intervention
1336,3,0,39,0,1620,48,46,24,3,1,2,30,250.72,0,0.0019686448,Low,Routine,Maintain standard customer engagement
1341,0,0,30,0,780,14,29,7,4,1,2,45,92.35,0,0.17550674,Medium,Monitor,Send proactive engagement and satisfaction check
1342,10,0,29,0,1180,36,27,17,2,1,1,25,176.22,0,0.0032352312,Low,Routine,Maintain standard customer engagement
1344,2,0,22,0,1650,30,36,18,2,1,1,25,237.6,0,4.852482e-06,Low,Routine,Maintain standard customer engagement
1355,1,0,30,0,3210,66,10,20,2,1,1,25,192.42,0,0.00015337567,Low,Routine,Maintain standard customer engagement
1358,0,0,30,0,13208,153,0,36,3,1,1,30,534.44,0,2.0415237e-05,Low,Routine,Maintain standard customer engagement
1364,0,0,29,0,14920,166,128,22,2,1,1,25,1254.87,0,3.474756e-05,Low,Routine,Maintain standard customer engagement
1380,0,0,25,0,6220,81,0,14,4,1,1,45,157.525,0,5.6359563e-06,Low,Routine,Maintain standard customer engagement
1394,0,0,10,0,1130,10,6,6,2,1,1,25,78.3,0,0.9873167,Critical,Immediate,Escalate for immediate retention intervention
1396,2,0,7,0,8368,155,51,32,4,1,1,45,340.575,0,0.00027769717,Low,Routine,Maintain standard customer engagement
1400,5,0,39,0,4245,73,9,20,2,1,1,25,234.81,0,0.0001477232,Low,Routine,Maintain standard customer engagement
1419,0,0,38,0,7383,129,388,46,2,1,1,25,2084.04,0,6.792903e-05,Low,Routine,Maintain standard customer engagement
1423,18,0,37,7,10310,95,5,45,4,2,1,45,272.625,0,0.00024767456,Low,Routine,Maintain standard customer engagement
1431,0,1,37,0,503,9,13,7,4,1,2,45,45.3,1,0.99976355,Critical,Immediate,Escalate for immediate retention intervention
1438,1,0,28,0,1190,38,197,14,2,2,1,25,941.76,0,4.6071077e-06,Low,Routine,Maintain standard customer engagement
1440,8,0,28,0,575,27,14,10,2,1,2,25,90.09,0,0.008045306,Low,Routine,Maintain standard customer engagement
1452,3,0,32,0,1968,46,341,17,2,1,1,25,1625.13,0,6.0555583e-05,Low,Routine,Maintain standard customer engagement
1467,0,0,33,0,0,0,0,0,2,1,2,25,0.0,0,0.91249186,Critical,Immediate,Escalate for immediate retention intervention
1476,2,1,30,0,2505,27,0,9,2,1,2,25,113.94,1,0.9993506,Critical,Immediate,Escalate for immediate retention intervention
1487,0,0,31,0,2295,39,157,16,2,1,1,25,811.53,0,5.250366e-06,Low,Routine,Maintain standard customer engagement
1488,0,0,22,0,830,22,175,4,2,2,1,25,825.84,0,2.1657745e-06,Low,Routine,Maintain standard customer engagement
1501,0,0,37,0,613,9,21,17,2,1,2,25,122.49,0,0.085308366,Low,Routine,Maintain standard customer engagement
1504,2,0,36,1,2688,62,16,46,1,1,1,15,239.25,0,0.00011807177,Low,Routine,Maintain standard customer engagement
1505,10,0,36,2,4070,86,46,41,3,1,1,30,350.24,0,0.0005843942,Low,Routine,Maintain standard customer engagement
1508,6,0,36,1,14068,173,14,57,3,1,1,30,625.64,0,5.1246017e-05,Low,Routine,Maintain standard customer engagement
1510,5,0,36,1,6213,99,21,25,2,1,1,25,378.54,0,0.01970054,Low,Routine,Maintain standard customer engagement
1512,24,0,36,4,15435,229,68,45,3,2,1,30,898.56,0,0.00014796806,Low,Routine,Maintain standard customer engagement
1517,1,0,36,0,1005,18,27,21,2,1,2,25,167.535,0,0.0026776039,Low,Routine,Maintain standard customer engagement
1522,22,0,31,0,1250,51,30,30,2,1,2,25,193.545,1,0.97761214,Critical,Immediate,Escalate for immediate retention intervention
1524,12,0,34,2,6113,102,40,37,2,1,1,25,459.675,0,0.00038913265,Low,Routine,Maintain standard customer engagement
1536,2,1,33,0,1960,48,52,33,3,1,2,30,288.32,1,0.9998129,Critical,Immediate,Escalate for immediate retention intervention
1541,0,0,24,0,1120,14,35,16,4,1,2,45,115.85,0,0.022725774,Low,Routine,Maintain standard customer engagement
1544,1,0,16,1,1990,30,42,27,2,1,1,25,279.9,0,0.00052523555,Low,Routine,Maintain standard customer engagement
1550,0,0,36,0,3465,55,0,10,2,1,1,25,158.4,0,2.7162083e-05,Low,Routine,Maintain standard customer engagement
1553,1,0,36,0,3293,50,0,18,1,1,1,15,183.865,0,0.00012760577,Low,Routine,Maintain standard customer engagement
1554,0,0,36,0,1488,42,0,16,1,1,1,15,84.15,0,0.00020711722,Low,Routine,Maintain standard customer engagement
1556,0,0,36,0,1455,23,257,1,3,1,1,30,1087.12,0,0.00025853756,Low,Routine,Maintain standard customer engagement
1558,0,0,36,0,12868,153,0,27,3,1,1,30,520.84,0,2.5630105e-05,Low,Routine,Maintain standard customer engagement
1559,0,0,36,0,3610,67,0,8,3,1,1,30,147.08,0,8.343437e-06,Low,Routine,Maintain standard customer engagement
1560,0,0,36,0,5013,79,0,13,2,1,1,25,229.14,0,0.002292016,Low,Routine,Maintain standard customer engagement
1563,0,0,36,0,2190,11,455,5,3,1,1,30,1908.04,0,0.0004581705,Low,Routine,Maintain standard customer engagement
1564,0,0,35,0,14580,166,122,13,2,1,1,25,1212.57,0,2.2771204e-05,Low,Routine,Maintain standard customer engagement
1573,12,0,34,5,9530,77,0,25,4,1,1,45,240.175,0,0.00014476143,Low,Routine,Maintain standard customer engagement
1575,0,0,32,0,1935,6,0,2,3,1,1,30,77.64,0,0.0022599837,Low,Routine,Maintain standard customer engagement
1576,0,0,33,0,2085,25,0,9,2,1,2,25,94.95,1,0.5904499,High,High,Initiate targeted retention outreach
1586,0,0,33,0,760,28,10,3,3,1,2,30,71.52,0,0.0028632174,Low,Routine,Maintain standard customer engagement
1589,0,0,24,0,663,23,2,51,4,1,1,45,22.15,0,9.485084e-05,Low,Routine,Maintain standard customer engagement
1592,0,0,23,0,0,0,0,0,2,1,1,25,0.0,0,0.0012559384,Low,Routine,Maintain standard customer engagement
1597,0,0,14,0,1948,29,3,2,3,1,1,30,91.08,0,0.14202677,Medium,Monitor,Send proactive engagement and satisfaction check
1600,3,0,37,0,4180,71,30,19,3,1,1,30,290.04,0,9.2864255e-05,Low,Routine,Maintain standard customer engagement
1601,0,0,38,0,128,5,32,6,3,1,2,30,133.32,0,0.7849543,High,High,Initiate targeted retention outreach
1613,0,0,37,1,2905,27,508,10,3,1,1,30,2149.28,0,1.886669e-05,Low,Routine,Maintain standard customer engagement
1618,0,0,36,0,0,0,25,0,2,1,2,25,112.5,1,0.82416177,High,High,Initiate targeted retention outreach
1624,8,1,35,1,5628,98,51,26,2,1,1,25,487.17,1,0.9992086,Critical,Immediate,Escalate for immediate retention intervention
1626,4,1,34,0,2800,41,34,18,3,1,2,30,249.64,1,0.99925655,Critical,Immediate,Escalate for immediate retention intervention
1632,0,0,35,1,148,4,29,4,5,1,1,55,45.78,0,0.0017223,Low,Routine,Maintain standard customer engagement
1635,0,0,35,0,3528,82,27,30,3,1,1,30,252.4,0,3.9902294e-05,Low,Routine,Maintain standard customer engagement
1642,5,0,24,0,1035,32,44,15,2,1,1,25,246.015,0,8.360036e-06,Low,Routine,Maintain standard customer engagement
1649,0,1,8,1,1298,19,25,9,3,1,1,30,152.68,1,0.99956125,Critical,Immediate,Escalate for immediate retention intervention
1652,5,0,34,0,2033,48,320,18,2,1,1,25,1533.645,0,6.2124804e-05,Low,Routine,Maintain standard customer engagement
1653,5,0,35,0,3778,54,0,29,1,1,1,15,210.76,0,0.00047790556,Low,Routine,Maintain standard customer engagement
1656,0,0,35,0,1940,27,246,12,3,1,1,30,1062.68,0,7.667853e-06,Low,Routine,Maintain standard customer engagement
1667,0,0,35,0,290,2,0,2,2,1,2,25,13.14,0,0.11158119,Medium,Monitor,Send proactive engagement and satisfaction check
1676,4,1,32,0,2570,29,0,10,2,1,2,25,116.955,1,0.99947447,Critical,Immediate,Escalate for immediate retention intervention
1678,0,0,33,0,0,0,0,0,2,1,2,25,0.0,1,0.91249186,Critical,Immediate,Escalate for immediate retention intervention
1679,0,0,33,0,1248,13,0,3,3,1,1,30,50.44,0,0.0026830863,Low,Routine,Maintain standard customer engagement
1683,20,0,28,1,15655,226,0,74,2,1,1,25,714.645,0,0.0007501467,Low,Routine,Maintain standard customer engagement
1691,0,0,23,0,0,0,0,0,4,1,2,45,0.0,0,0.0105829835,Low,Routine,Maintain standard customer engagement
1703,7,0,36,0,4083,61,3,36,1,1,1,15,244.42,0,0.00041535418,Low,Routine,Maintain standard customer engagement
1708,4,0,36,0,13658,164,2,45,3,1,1,30,560.88,0,3.0794152e-05,Low,Routine,Maintain standard customer engagement
1712,22,0,36,2,15025,220,56,33,3,1,1,30,833.8,0,0.0001765373,Low,Routine,Maintain standard customer engagement
1713,1,0,36,0,2980,22,485,9,3,1,1,30,2060.08,0,5.158812e-05,Low,Routine,Maintain standard customer engagement
1718,0,0,35,0,0,0,2,0,2,1,2,25,9.0,1,0.9775279,Critical,Immediate,Escalate for immediate retention intervention
1719,0,0,35,0,7393,122,386,44,2,1,1,25,2075.175,0,5.6090103e-05,Low,Routine,Maintain standard customer engagement
1720,4,0,35,0,11350,149,13,48,3,1,1,30,511.96,0,0.00010676695,Low,Routine,Maintain standard customer engagement
1736,0,0,33,0,1550,39,40,21,3,1,2,30,223.56,0,0.0011396605,Low,Routine,Maintain standard customer engagement
1737,3,0,34,0,2665,48,177,24,2,1,1,25,918.585,0,0.0001004126,Low,Routine,Maintain standard customer engagement
1743,0,0,23,0,3110,56,10,24,3,1,1,30,166.64,0,8.685244e-06,Low,Routine,Maintain standard customer engagement
1745,13,0,15,0,6277,136,87,43,1,2,1,15,831.215,0,8.4976105e-05,Low,Routine,Maintain standard customer engagement
1746,9,0,13,0,8817,166,75,41,4,1,1,45,412.075,0,0.00016837943,Low,Routine,Maintain standard customer engagement
1760,0,0,36,0,5423,88,0,7,2,1,1,25,247.995,0,0.04287245,Low,Routine,Maintain standard customer engagement
1761,2,0,36,0,1743,47,0,12,3,1,2,30,71.6,0,0.00041375624,Low,Routine,Maintain standard customer engagement
1770,0,0,35,0,10970,147,0,42,3,1,1,30,444.68,0,2.225675e-05,Low,Routine,Maintain standard customer engagement
1773,14,0,34,7,9940,86,0,37,4,1,1,45,250.65,0,0.00018681586,Low,Routine,Maintain standard customer engagement
1777,2,0,34,0,1773,37,18,26,3,1,2,30,144.4,1,0.7984501,High,High,Initiate targeted retention outreach
1779,0,0,34,0,1173,18,0,1,3,1,1,30,47.64,0,0.001544944,Low,Routine,Maintain standard customer engagement
1780,0,0,31,0,6290,90,0,17,4,1,1,45,159.5,0,2.8178018e-05,Low,Routine,Maintain standard customer engagement
1782,0,0,34,0,0,0,0,0,5,1,1,55,0.0,0,0.002707783,Low,Routine,Maintain standard customer engagement
1787,0,0,34,0,2285,46,159,18,2,1,1,25,820.395,0,4.249476e-06,Low,Routine,Maintain standard customer engagement
1790,4,0,25,0,205,18,0,2,2,1,2,25,10.035,0,0.0014824091,Low,Routine,Maintain standard customer engagement
1793,0,0,23,0,2730,54,0,18,3,1,1,30,111.36,0,1.0659005e-05,Low,Routine,Maintain standard customer engagement
1794,0,0,16,0,1200,19,12,9,2,1,1,25,108.855,0,0.0007094222,Low,Routine,Maintain standard customer engagement
1808,0,0,31,0,13468,157,0,41,3,1,1,30,545.0,0,2.1396758e-05,Low,Routine,Maintain standard customer engagement
1813,0,0,31,0,2790,15,468,5,3,1,1,30,1984.2,0,2.2049711e-05,Low,Routine,Maintain standard customer engagement
1814,2,0,30,0,15180,170,135,27,2,1,1,25,1298.25,0,6.1457715e-05,Low,Routine,Maintain standard customer engagement
1827,2,0,29,0,1963,32,19,28,3,1,2,30,155.8,1,0.99702954,Critical,Immediate,Escalate for immediate retention intervention
1829,0,0,29,0,1363,13,0,3,3,1,1,30,55.04,0,0.0014042077,Low,Routine,Maintain standard customer engagement
1832,0,0,29,0,0,0,0,0,4,1,1,45,0.0,0,0.0032935757,Low,Routine,Maintain standard customer engagement
1835,0,0,29,0,3413,70,0,25,2,1,1,25,156.735,0,5.641373e-05,Low,Routine,Maintain standard customer engagement
1838,0,0,20,0,1010,24,178,8,2,2,1,25,847.53,0,6.712787e-07,Low,Routine,Maintain standard customer engagement
1839,0,0,19,0,1263,27,15,65,4,1,1,45,69.75,0,0.0004310918,Low,Routine,Maintain standard customer engagement
1843,0,0,18,0,2920,49,0,20,3,1,1,30,118.76,0,1.6086215e-05,Low,Routine,Maintain standard customer engagement
1851,0,0,42,0,13,5,8,3,3,1,2,30,32.72,0,0.97986436,Critical,Immediate,Escalate for immediate retention intervention
1852,7,0,40,0,2148,60,360,23,3,1,1,30,1528.32,0,2.3007475e-05,Low,Routine,Maintain standard customer engagement
1855,8,0,41,1,3470,82,33,27,3,1,1,30,274.08,0,5.4805376e-05,Low,Routine,Maintain standard customer engagement
1856,1,0,41,0,2055,39,286,17,3,1,1,30,1227.76,0,9.746642e-06,Low,Routine,Maintain standard customer engagement
1860,3,0,41,0,5613,95,8,11,3,1,1,30,260.32,0,0.00012520826,Low,Routine,Maintain standard customer engagement
1867,0,0,41,0,405,14,14,7,3,1,2,30,72.76,0,0.012658881,Low,Routine,Maintain standard customer engagement
1872,20,0,36,0,650,47,17,16,3,1,2,30,95.88,1,0.9996038,Critical,Immediate,Escalate for immediate retention intervention
1873,18,0,39,8,10130,93,2,41,5,1,1,55,156.345,0,6.728863e-05,Low,Routine,Maintain standard customer engagement
1880,0,0,36,1,6480,97,15,21,5,1,1,55,121.155,0,2.247034e-05,Low,Routine,Maintain standard customer engagement
1884,3,0,37,3,6660,116,272,32,2,2,1,25,1528.92,0,0.00012383955,Low,Routine,Maintain standard customer engagement
1886,0,0,38,0,1360,44,39,19,3,1,2,30,212.16,0,0.00064595666,Low,Routine,Maintain standard customer engagement
1887,3,0,39,0,2475,53,176,22,2,1,1,25,905.76,0,1.6475566e-05,Low,Routine,Maintain standard customer engagement
1911,10,0,37,0,2643,59,9,15,3,1,2,30,144.08,0,0.0053933472,Low,Routine,Maintain standard customer engagement
1912,26,1,37,3,15545,230,55,30,3,1,1,30,851.0,0,0.002786808,Low,Routine,Maintain standard customer engagement
1916,1,0,36,0,1280,19,1,9,2,1,2,25,62.955,0,0.0041250205,Low,Routine,Maintain standard customer engagement
1922,24,0,32,0,1360,52,17,15,2,1,2,25,140.04,1,0.92575186,Critical,Immediate,Escalate for immediate retention intervention
1925,2,0,33,0,3245,27,1,12,3,1,1,30,134.88,0,0.00068776135,Low,Routine,Maintain standard customer engagement
1927,10,1,35,0,2673,49,35,29,3,1,2,30,248.88,1,0.9981008,Critical,Immediate,Escalate for immediate retention intervention
1935,3,0,35,0,4123,87,3,26,2,1,1,25,202.95,0,0.0021208802,Low,Routine,Maintain standard customer engagement
1936,4,0,34,0,2070,49,39,18,3,1,2,30,240.76,0,0.004139543,Low,Routine,Maintain standard customer engagement
1939,5,0,25,0,1973,44,31,66,4,1,1,45,127.925,0,0.00046461986,Low,Routine,Maintain standard customer engagement
1943,3,0,24,0,3630,66,9,21,3,1,1,30,183.84,0,7.774838e-05,Low,Routine,Maintain standard customer engagement
1948,3,0,8,1,4795,45,216,8,3,1,1,30,1057.6,0,0.00034347578,Low,Routine,Maintain standard customer engagement
1954,0,0,35,0,1378,41,0,31,1,1,1,15,78.045,0,0.00031202805,Low,Routine,Maintain standard customer engagement
1958,0,0,35,0,12758,152,0,42,3,1,1,30,516.4,0,1.4676117e-05,Low,Routine,Maintain standard customer engagement
1963,0,0,35,0,2080,10,451,6,3,1,1,30,1887.6,0,0.00013423109,Low,Routine,Maintain standard customer engagement
1975,0,0,31,0,1825,5,0,12,3,1,1,30,73.2,0,0.00038594403,Low,Routine,Maintain standard customer engagement
1979,0,0,33,0,653,8,0,4,3,1,1,30,26.44,0,0.0075528687,Low,Routine,Maintain standard customer engagement
1983,14,0,28,1,15060,221,0,78,2,1,1,25,687.645,0,0.00080837973,Low,Routine,Maintain standard customer engagement
1990,0,0,24,0,0,0,0,0,2,1,2,25,0.0,0,0.0222863,Low,Routine,Maintain standard customer engagement
1991,0,0,23,0,0,0,0,0,4,1,2,45,0.0,0,0.0105829835,Low,Routine,Maintain standard customer engagement
1998,0,0,6,0,3375,23,183,8,3,1,1,30,867.92,0,0.00029354406,Low,Routine,Maintain standard customer engagement
2000,3,0,36,0,4065,65,0,15,2,1,1,25,185.85,0,0.00020397197,Low,Routine,Maintain standard customer engagement
2012,20,0,36,2,14835,219,47,30,3,1,1,30,790.16,0,0.00021286645,Low,Routine,Maintain standard customer engagement
2014,4,0,35,0,15180,176,143,28,2,1,1,25,1334.52,0,0.00032265758,Low,Routine,Maintain standard customer engagement
2016,0,0,35,0,570,8,0,9,2,1,2,25,26.01,0,0.0021874635,Low,Routine,Maintain standard customer engagement
2017,0,0,36,0,405,8,6,6,2,1,2,25,45.585,0,0.020988733,Low,Routine,Maintain standard customer engagement
2019,0,0,35,0,7203,121,377,41,2,1,1,25,2026.08,0,5.6090103e-05,Low,Routine,Maintain standard customer engagement
2032,0,0,34,0,0,0,0,0,5,1,1,55,0.0,0,0.002707783,Low,Routine,Maintain standard customer engagement
2039,0,0,24,0,1263,33,23,66,4,1,1,45,89.9,0,0.0002203959,Low,Routine,Maintain standard customer engagement
2042,5,0,23,0,920,26,12,11,2,1,1,25,96.57,0,7.558053e-05,Low,Routine,Maintain standard customer engagement
2044,0,0,16,0,1390,20,21,12,2,1,1,25,157.95,0,0.00035991485,Low,Routine,Maintain standard customer engagement
2046,7,0,13,0,8627,165,66,38,4,1,1,45,384.8,0,0.00018520861,Low,Routine,Maintain standard customer engagement
2050,3,0,36,0,4065,65,0,15,2,1,1,25,185.85,0,0.00020397197,Low,Routine,Maintain standard customer engagement
2062,20,0,36,2,14835,219,47,30,3,1,1,30,790.16,0,0.00021286645,Low,Routine,Maintain standard customer engagement
2064,4,0,35,0,15180,176,143,28,2,1,1,25,1334.52,0,0.00032265758,Low,Routine,Maintain standard customer engagement
2066,0,0,35,0,570,8,0,9,2,1,2,25,26.01,0,0.0021874635,Low,Routine,Maintain standard customer engagement
2067,0,0,36,0,405,8,6,6,2,1,2,25,45.585,0,0.020988733,Low,Routine,Maintain standard customer engagement
2069,0,0,35,0,7203,121,377,41,2,1,1,25,2026.08,0,5.6090103e-05,Low,Routine,Maintain standard customer engagement
2078,0,1,34,0,0,0,0,0,3,1,2,30,0.0,1,0.9999498,Critical,Immediate,Escalate for immediate retention intervention
2082,0,0,34,0,0,0,0,0,5,1,1,55,0.0,0,0.002707783,Low,Routine,Maintain standard customer engagement
2089,0,0,24,0,1263,33,23,66,4,1,1,45,89.9,0,0.0002203959,Low,Routine,Maintain standard customer engagement
2092,5,0,23,0,920,26,12,11,2,1,1,25,96.57,0,7.558053e-05,Low,Routine,Maintain standard customer engagement
2094,0,0,16,0,1390,20,21,12,2,1,1,25,157.95,0,0.00035991485,Low,Routine,Maintain standard customer engagement
2096,7,0,13,0,8627,165,66,38,4,1,1,45,384.8,0,0.00018520861,Low,Routine,Maintain standard customer engagement
2101,5,0,41,0,623,11,14,6,3,1,2,30,81.36,0,0.23509671,Medium,Monitor,Send proactive engagement and satisfaction check
2104,8,0,40,1,2698,64,9,35,2,1,1,25,164.79,0,0.0009127359,Low,Routine,Maintain standard customer engagement
2120,12,0,39,2,11770,160,18,49,4,1,1,45,343.25,0,9.334751e-05,Low,Routine,Maintain standard customer engagement
2126,14,1,37,0,3295,47,16,18,3,1,2,30,197.68,1,0.99996805,Critical,Immediate,Escalate for immediate retention intervention
2127,14,1,38,0,2573,50,41,33,4,1,2,45,168.075,1,0.9997434,Critical,Immediate,Escalate for immediate retention intervention
2131,5,0,38,0,933,13,16,6,4,1,2,45,63.65,1,0.98963696,Critical,Immediate,Escalate for immediate retention intervention
2146,17,0,17,1,9238,177,80,42,5,1,1,55,261.225,0,0.0002052283,Low,Routine,Maintain standard customer engagement
2149,8,1,11,2,1793,25,7,9,3,1,1,30,100.72,1,0.9999534,Critical,Immediate,Escalate for immediate retention intervention
2152,18,0,41,2,2818,69,371,28,3,1,1,30,1599.48,0,0.00016509063,Low,Routine,Maintain standard customer engagement
2154,11,0,42,2,2758,67,14,37,2,1,1,25,190.125,0,0.0018988712,Low,Routine,Maintain standard customer engagement
2156,12,0,42,2,2725,48,297,22,4,1,1,45,811.825,0,0.0005235331,Low,Routine,Maintain standard customer engagement
2157,21,0,41,4,9480,130,156,47,3,1,1,30,1008.4,0,9.525764e-05,Low,Routine,Maintain standard customer engagement
2163,12,0,42,3,3460,36,495,12,4,1,1,45,1324.9,0,0.00011011077,Low,Routine,Maintain standard customer engagement
2167,10,0,42,2,1075,23,25,12,3,1,1,30,143.92,0,0.0015209987,Low,Routine,Maintain standard customer engagement
2170,15,0,41,3,11830,163,23,51,4,1,1,45,357.325,0,0.000111619236,Low,Routine,Maintain standard customer engagement
2176,17,1,39,2,3355,50,21,20,3,1,1,30,220.2,1,0.99851054,Critical,Immediate,Escalate for immediate retention intervention
2185,10,0,40,2,4083,91,14,32,3,1,1,30,222.96,0,0.00021224869,Low,Routine,Maintain standard customer engagement
2190,19,0,31,2,1065,34,22,11,3,1,1,30,131.96,0,0.030728115,Low,Routine,Maintain standard customer engagement
2195,24,0,21,3,6758,150,97,46,2,2,1,25,747.36,0,0.0002394767,Low,Routine,Maintain standard customer engagement
2197,16,0,20,5,3218,54,43,23,3,2,1,30,302.88,0,0.0006442165,Low,Routine,Maintain standard customer engagement
2202,12,0,37,1,2698,63,361,24,3,1,1,30,1554.44,0,0.00012067243,Low,Routine,Maintain standard customer engagement
2205,13,0,38,1,4020,85,34,28,3,1,1,30,300.2,0,0.0005755997,Low,Routine,Maintain standard customer engagement
2209,9,0,38,1,4760,86,7,25,3,1,1,30,221.84,0,0.00023810363,Low,Routine,Maintain standard customer engagement
2216,5,0,37,0,1120,17,7,11,2,1,2,25,82.665,0,0.0054291235,Low,Routine,Maintain standard customer engagement
2222,25,1,33,0,1200,50,18,17,3,1,2,30,122.0,1,0.9998154,Critical,Immediate,Escalate for immediate retention intervention
2227,11,1,36,0,2513,47,36,31,3,1,2,30,246.4,1,0.9998598,Critical,Immediate,Escalate for immediate retention intervention
2237,8,0,36,1,3025,56,177,23,2,1,1,25,935.145,0,0.00028697526,Low,Routine,Maintain standard customer engagement
2243,5,0,25,1,3470,64,10,23,3,1,1,30,181.36,0,0.00010463773,Low,Routine,Maintain standard customer engagement
2247,10,0,16,3,3098,48,33,19,3,1,1,30,257.84,0,0.0013830594,Low,Routine,Maintain standard customer engagement
2258,13,0,44,2,14158,177,17,50,3,1,1,30,641.4,0,4.9920527e-05,Low,Routine,Maintain standard customer engagement
2270,13,0,43,3,11850,162,28,53,4,1,1,45,370.3,0,0.000112220936,Low,Routine,Maintain standard customer engagement
2288,10,0,33,3,1700,44,210,17,3,2,1,30,909.76,0,0.0001509246,Low,Routine,Maintain standard customer engagement
2291,6,0,32,0,1210,18,38,9,4,1,2,45,125.7,0,0.033214234,Low,Routine,Maintain standard customer engagement
2292,16,0,31,2,1610,40,36,19,2,1,1,25,236.25,0,0.0023058723,Low,Routine,Maintain standard customer engagement
2299,9,1,15,3,1873,27,17,13,3,1,1,30,144.0,1,0.99972075,Critical,Immediate,Escalate for immediate retention intervention
2303,14,0,36,1,4423,70,7,33,2,1,1,25,233.685,0,0.011370904,Low,Routine,Maintain standard customer engagement
2313,8,0,36,1,3320,31,480,6,3,1,1,30,2054.04,0,8.70383e-05,Low,Routine,Maintain standard customer engagement
2315,7,0,35,1,6725,90,183,24,3,1,1,30,1004.6,0,0.0001855043,Low,Routine,Maintain standard customer engagement
2328,5,0,34,0,305,6,7,2,3,1,2,30,40.44,1,0.8455991,High,High,Initiate targeted retention outreach
2329,5,0,34,1,1893,29,7,4,4,1,1,45,65.55,0,0.0024807008,Low,Routine,Maintain standard customer engagement
2337,10,0,34,1,3005,57,172,21,2,1,1,25,911.79,0,0.0003685064,Low,Routine,Maintain standard customer engagement
2346,16,0,13,1,9158,175,70,38,5,1,1,55,244.995,0,0.00021487974,Low,Routine,Maintain standard customer engagement
2354,13,0,46,2,2958,74,24,41,2,1,1,25,244.44,0,0.00062330574,Low,Routine,Maintain standard customer engagement
2360,16,0,46,2,6483,111,29,20,3,1,1,30,379.76,0,7.736933e-05,Low,Routine,Maintain standard customer engagement
2366,10,0,45,0,1440,30,22,19,3,1,2,30,146.8,0,0.23259553,Medium,Monitor,Send proactive engagement and satisfaction check
2367,12,0,46,0,1275,30,35,16,3,1,2,30,192.2,0,0.020114474,Low,Routine,Maintain standard customer engagement
2368,10,0,45,0,565,16,22,8,3,1,2,30,111.24,1,0.9711435,Critical,Immediate,Escalate for immediate retention intervention
2369,13,0,45,2,8073,143,406,51,3,1,1,30,1952.64,0,7.2726754e-05,Low,Routine,Maintain standard customer engagement
2376,19,1,43,0,3555,57,31,24,3,1,2,30,268.48,1,0.9927712,Critical,Immediate,Escalate for immediate retention intervention
2377,19,1,44,0,2833,60,56,39,4,1,2,45,212.325,1,0.99712723,Critical,Immediate,Escalate for immediate retention intervention
2386,13,0,43,0,2230,60,60,28,4,1,2,45,207.25,0,0.014191219,Low,Routine,Maintain standard customer engagement
2389,14,0,34,2,2133,55,52,76,5,1,1,55,110.82,0,0.0016843316,Low,Routine,Maintain standard customer engagement
2394,12,0,26,2,2260,42,50,22,3,1,1,30,292.08,0,0.00028216344,Low,Routine,Maintain standard customer engagement
2402,10,0,33,1,2498,56,351,20,3,1,1,30,1506.16,0,2.4940935e-05,Low,Routine,Maintain standard customer engagement
2405,11,0,34,1,3820,78,24,24,3,1,1,30,251.92,0,0.00011680067,Low,Routine,Maintain standard customer engagement
2412,25,0,34,3,15185,221,46,28,3,1,1,30,800.24,0,0.00017104199,Low,Routine,Maintain standard customer engagement
2420,7,0,33,1,11510,150,7,43,4,1,1,45,309.0,0,0.00013674318,Low,Routine,Maintain standard customer engagement
2425,5,0,30,1,2885,18,7,10,3,1,1,30,144.12,0,0.004558463,Low,Routine,Maintain standard customer engagement
2428,5,0,32,0,305,6,7,2,3,1,2,30,40.44,1,0.7255132,High,High,Initiate targeted retention outreach
2433,25,0,27,3,16120,234,7,76,2,1,1,25,767.43,0,0.00038391585,Low,Routine,Maintain standard customer engagement
2441,5,0,22,0,305,6,13,2,4,1,2,45,40.275,0,0.0021358258,Low,Routine,Maintain standard customer engagement
2445,16,0,13,1,6438,137,77,38,2,2,1,25,642.375,0,0.00031559935,Low,Routine,Maintain standard customer engagement
2461,16,1,43,0,2723,68,26,24,3,1,2,30,215.64,0,0.8614648,High,High,Initiate targeted retention outreach
2465,10,0,42,2,6985,100,204,33,3,1,1,30,1099.4,0,0.00015858539,Low,Routine,Maintain standard customer engagement
2466,7,0,42,0,1360,28,18,18,2,1,2,25,143.46,0,0.0015645721,Low,Routine,Maintain standard customer engagement
2470,14,0,42,2,11950,168,29,54,4,1,1,45,375.45,0,0.00011682183,Low,Routine,Maintain standard customer engagement
2476,16,1,40,0,3475,55,27,23,3,1,2,30,249.2,1,0.99153686,Critical,Immediate,Escalate for immediate retention intervention
2482,7,0,41,2,823,18,22,9,5,1,1,55,45.615,0,0.0010902648,Low,Routine,Maintain standard customer engagement
2487,13,0,41,1,3265,67,193,30,2,1,1,25,1018.44,0,0.0003380039,Low,Routine,Maintain standard customer engagement
2488,11,0,32,2,1800,50,211,18,3,2,1,30,918.0,0,6.939758e-05,Low,Routine,Maintain standard customer engagement
2492,17,0,30,1,1710,46,37,20,2,1,1,25,245.52,0,0.0058857934,Low,Routine,Maintain standard customer engagement
2504,6,0,37,1,2518,56,7,30,2,1,1,25,147.33,0,0.0004748844,Low,Routine,Maintain standard customer engagement
2506,7,0,37,1,2485,37,281,15,3,1,1,30,1224.88,0,0.00016841026,Low,Routine,Maintain standard customer engagement
2513,7,0,37,2,3220,25,479,5,3,1,1,30,2045.8,0,6.677693e-05,Low,Routine,Maintain standard customer engagement
2515,6,0,36,2,6625,84,182,23,3,1,1,30,996.36,0,5.2642536e-05,Low,Routine,Maintain standard customer engagement
2519,6,0,36,1,7633,125,380,40,3,1,1,30,1830.32,0,5.6911984e-05,Low,Routine,Maintain standard customer engagement
2525,5,0,33,1,2965,20,7,11,3,1,1,30,147.4,0,0.0024812908,Low,Routine,Maintain standard customer engagement
2527,12,0,35,0,2393,42,30,28,4,1,2,45,135.875,1,0.9812825,Critical,Immediate,Escalate for immediate retention intervention
2528,5,1,35,0,305,6,7,2,3,1,2,30,40.44,1,0.99936455,Critical,Immediate,Escalate for immediate retention intervention
2530,6,0,32,2,6910,95,10,19,5,1,1,55,120.075,0,0.00033501172,Low,Routine,Maintain standard customer engagement
2538,7,0,26,2,1440,34,189,8,3,2,1,30,814.96,0,9.779222e-05,Low,Routine,Maintain standard customer engagement
2540,14,0,26,0,825,23,7,4,3,1,2,30,61.92,0,0.004173198,Low,Routine,Maintain standard customer engagement
2543,5,0,24,1,3350,59,7,20,3,1,1,30,164.36,0,4.871709e-05,Low,Routine,Maintain standard customer engagement
2545,19,0,16,2,6518,139,81,39,2,2,1,25,664.065,0,0.00023136809,Low,Routine,Maintain standard customer engagement
2546,15,0,14,1,9058,169,69,37,5,1,1,55,241.905,0,0.00020187539,Low,Routine,Maintain standard customer engagement
2555,20,0,40,4,4680,98,60,45,3,1,1,30,431.12,0,0.001166993,Low,Routine,Maintain standard customer engagement
2557,22,1,39,5,10020,137,172,60,3,1,1,30,1094.28,0,0.002099854,Low,Routine,Maintain standard customer engagement
2580,12,0,35,4,7690,113,42,39,5,1,1,55,180.045,0,7.561837e-05,Low,Routine,Maintain standard customer engagement
2586,12,1,37,0,2570,60,66,37,4,1,2,45,230.75,1,0.8922889,High,High,Initiate targeted retention outreach
2589,13,0,28,3,2473,55,58,85,5,1,1,55,124.92,0,0.00053157954,Low,Routine,Maintain standard customer engagement
2590,20,0,29,0,1605,41,38,24,3,1,2,30,217.84,0,0.2128431,Medium,Monitor,Send proactive engagement and satisfaction check
2598,11,0,11,4,5295,56,243,27,3,2,1,30,1186.04,0,0.0004582572,Low,Routine,Maintain standard customer engagement
2599,12,1,11,4,2393,35,28,24,3,1,1,30,209.12,1,0.9982495,Critical,Immediate,Escalate for immediate retention intervention
2608,8,0,40,0,13478,165,7,31,3,1,1,30,573.72,0,2.5892827e-05,Low,Routine,Maintain standard customer engagement
2616,5,0,39,0,580,10,7,2,2,1,2,25,58.05,0,0.63015884,High,High,Initiate targeted retention outreach
2620,8,0,39,0,11170,150,7,34,4,1,1,45,300.5,0,7.581499e-05,Low,Routine,Maintain standard customer engagement
2621,9,0,39,0,6423,71,94,24,2,1,1,25,715.23,0,0.00049514475,Low,Routine,Maintain standard customer engagement
2626,10,0,37,0,2695,37,7,3,3,1,2,30,137.28,1,0.99778265,Critical,Immediate,Escalate for immediate retention intervention
2631,5,0,38,0,305,6,7,2,4,1,2,45,25.275,1,0.9982444,Critical,Immediate,Escalate for immediate retention intervention
2636,5,0,37,0,1370,40,24,7,3,1,2,30,152.4,0,0.0013798861,Low,Routine,Maintain standard customer engagement
2639,5,0,28,0,1273,35,16,55,4,1,1,45,72.7,0,0.007471679,Low,Routine,Maintain standard customer engagement
2643,5,0,27,0,2930,57,7,10,3,1,1,30,147.48,0,0.00010557042,Low,Routine,Maintain standard customer engagement
2650,13,0,41,2,4790,83,44,23,3,1,1,30,370.92,0,0.00018857185,Low,Routine,Maintain standard customer engagement
2651,5,0,42,0,738,17,46,10,3,1,2,30,214.2,0,0.002288036,Low,Routine,Maintain standard customer engagement
2655,16,0,41,3,4195,94,71,34,3,1,1,30,455.56,0,0.00012716558,Low,Routine,Maintain standard customer engagement
2658,12,0,41,2,14193,181,39,50,3,1,1,30,730.96,0,8.0745885e-05,Low,Routine,Maintain standard customer engagement
2668,5,0,40,0,420,12,39,6,3,1,2,30,173.28,1,0.32210347,Medium,Monitor,Send proactive engagement and satisfaction check
2675,6,0,37,2,3260,34,39,20,4,1,1,45,179.85,0,0.0024804166,Low,Routine,Maintain standard customer engagement
2681,5,0,39,0,1048,19,48,10,4,1,2,45,146.675,1,0.81622064,High,High,Initiate targeted retention outreach
2691,5,0,29,0,1245,22,60,9,4,1,2,45,181.675,0,0.0010279582,Low,Routine,Maintain standard customer engagement
2713,9,0,39,1,3285,27,458,6,3,1,1,30,1964.48,0,0.00010735529,Low,Routine,Maintain standard customer engagement
2715,8,0,38,1,6690,86,161,24,3,1,1,30,915.04,0,8.944567e-05,Low,Routine,Maintain standard customer engagement
2720,12,0,38,1,11655,154,7,45,3,1,1,30,500.36,0,6.356437e-05,Low,Routine,Maintain standard customer engagement
2724,18,0,37,1,6008,98,7,22,2,1,1,25,306.27,1,0.8706431,High,High,Initiate targeted retention outreach
2726,14,0,36,0,3180,41,7,14,3,1,2,30,156.84,1,0.9951815,Critical,Immediate,Escalate for immediate retention intervention
2731,5,0,37,0,818,7,7,2,4,1,2,45,38.125,1,0.99818903,Critical,Immediate,Escalate for immediate retention intervention
2732,5,0,37,1,305,6,7,2,5,1,1,55,15.165,0,0.028142624,Low,Routine,Maintain standard customer engagement
2738,9,0,28,1,1505,36,168,9,2,2,1,25,825.345,0,9.806471e-05,Low,Routine,Maintain standard customer engagement
2739,9,0,27,0,1758,39,7,66,4,1,1,45,62.425,0,0.022590697,Low,Routine,Maintain standard customer engagement
2740,16,0,28,0,890,25,7,5,2,1,2,25,72.675,0,0.07991875,Low,Routine,Maintain standard customer engagement
2743,7,0,26,0,3415,61,7,21,3,1,1,30,167.04,0,0.0008957701,Low,Routine,Maintain standard customer engagement
2749,8,0,10,1,1678,19,7,5,3,1,1,30,95.88,1,0.99971145,Critical,Immediate,Escalate for immediate retention intervention
2777,16,1,38,0,2763,51,50,36,4,1,2,45,195.35,1,0.9998841,Critical,Immediate,Escalate for immediate retention intervention
2780,10,0,35,2,7280,104,30,27,5,1,1,55,155.76,0,5.839358e-05,Low,Routine,Maintain standard customer engagement
2785,9,0,38,1,4213,89,18,33,3,1,1,30,244.08,0,0.00040936956,Low,Routine,Maintain standard customer engagement
2792,17,0,27,1,1720,39,35,18,2,1,1,25,236.655,0,0.0017931244,Low,Routine,Maintain standard customer engagement
2799,10,1,11,2,1982,26,16,12,3,1,1,30,144.32,1,0.99989927,Critical,Immediate,Escalate for immediate retention intervention
2806,7,0,40,1,2475,44,283,17,3,1,1,30,1232.76,0,5.0859755e-05,Low,Routine,Maintain standard customer engagement
2807,16,0,39,3,9230,126,142,42,3,1,1,30,942.24,0,6.872996e-05,Low,Routine,Maintain standard customer engagement
2809,10,0,40,2,4630,88,0,24,3,1,1,30,188.72,0,0.00015953027,Low,Routine,Maintain standard customer engagement
2810,9,0,40,1,6033,100,5,11,3,1,1,30,265.32,0,0.00011114914,Low,Routine,Maintain standard customer engagement
2819,6,0,39,1,7623,132,382,42,3,1,1,30,1838.2,0,4.2461685e-05,Low,Routine,Maintain standard customer engagement
2823,24,0,38,9,10550,98,0,41,5,1,1,55,159.72,0,0.00018112962,Low,Routine,Maintain standard customer engagement
2825,4,0,36,1,2955,27,0,13,3,1,1,30,119.28,0,0.0011067679,Low,Routine,Maintain standard customer engagement
2828,3,0,38,0,248,7,0,1,3,1,2,30,10.2,1,0.75322795,High,High,Initiate targeted retention outreach
2832,3,0,38,2,453,9,2,1,5,1,1,55,9.93,0,0.0059075174,Low,Routine,Maintain standard customer engagement
2834,9,0,36,4,7080,121,269,32,3,2,1,30,1364.04,0,0.00010196308,Low,Routine,Maintain standard customer engagement
2840,14,0,29,0,815,30,8,6,3,1,2,30,65.8,0,0.042346902,Low,Routine,Maintain standard customer engagement
2847,11,0,18,4,2967,50,29,18,3,1,1,30,236.68,0,0.00035526382,Low,Routine,Maintain standard customer engagement
2866,3,0,34,0,1180,14,0,12,2,1,2,25,53.73,0,0.026049938,Low,Routine,Maintain standard customer engagement
2870,10,0,34,1,11770,154,10,48,3,1,1,30,516.96,0,0.0001238581,Low,Routine,Maintain standard customer engagement
2872,26,1,30,0,1260,47,15,18,2,1,2,25,126.315,1,0.9999695,Critical,Immediate,Escalate for immediate retention intervention
2874,16,0,33,1,6123,98,25,25,2,1,1,25,392.445,1,0.17705278,Medium,Monitor,Send proactive engagement and satisfaction check
2875,4,0,31,0,3145,22,0,15,3,1,1,30,126.68,0,0.028700272,Low,Routine,Maintain standard customer engagement
2878,3,0,33,0,438,2,0,3,3,1,2,30,17.6,1,0.97725016,Critical,Immediate,Escalate for immediate retention intervention
2883,28,0,28,3,16380,238,0,81,2,1,1,25,747.81,0,0.00054937,Low,Routine,Maintain standard customer engagement
2887,9,0,33,0,3085,53,174,24,2,1,1,25,924.21,0,0.00024130802,Low,Routine,Maintain standard customer engagement
2888,7,0,24,1,1620,36,192,12,2,2,1,25,938.52,0,6.563141e-05,Low,Routine,Maintain standard customer engagement
2889,7,0,23,0,1873,39,29,69,4,1,1,45,120.3,0,0.001794406,Low,Routine,Maintain standard customer engagement
2890,14,0,24,0,1005,25,9,8,2,1,2,25,86.85,0,0.0012664299,Low,Routine,Maintain standard customer engagement
2897,11,0,13,3,3157,45,30,20,3,1,1,30,248.08,0,0.001912927,Low,Routine,Maintain standard customer engagement
2904,10,0,45,2,2698,70,17,36,2,1,1,25,201.06,0,0.0007795269,Low,Routine,Maintain standard customer engagement
2917,9,0,45,0,1015,26,28,11,3,1,2,30,153.64,0,0.002091143,Low,Routine,Maintain standard customer engagement
2919,10,0,44,2,7813,139,399,46,3,1,1,30,1914.08,0,6.580406e-05,Low,Routine,Maintain standard customer engagement
2921,15,0,44,3,7023,87,123,40,3,1,1,30,776.4,0,0.00014336276,Low,Routine,Maintain standard customer engagement
2922,30,1,40,0,1260,59,31,20,3,1,2,30,176.76,1,0.9970696,Critical,Immediate,Escalate for immediate retention intervention
2937,13,0,43,2,3085,65,190,26,3,1,1,30,886.0,0,1.700103e-05,Low,Routine,Maintain standard customer engagement
2950,19,0,41,2,5385,88,37,19,3,1,1,30,366.92,0,0.0053638048,Low,Routine,Maintain standard customer engagement
2960,17,0,41,2,6933,112,22,14,3,1,1,30,369.8,0,0.00018937566,Low,Routine,Maintain standard customer engagement
2962,36,0,41,5,16155,242,69,34,3,2,1,30,931.88,0,0.000116867064,Low,Routine,Maintain standard customer engagement
2963,15,0,41,3,4110,44,498,10,4,1,1,45,1348.85,0,0.0005344406,Low,Routine,Maintain standard customer engagement
2964,20,0,40,2,16500,199,165,32,2,1,1,25,1493.955,0,0.0004132231,Low,Routine,Maintain standard customer engagement
2966,11,0,40,0,1890,31,15,13,2,1,2,25,153.945,0,0.2027881,Medium,Monitor,Send proactive engagement and satisfaction check
2967,13,0,41,0,1725,31,28,10,3,1,2,30,182.24,0,0.032841112,Low,Routine,Maintain standard customer engagement
2973,32,0,39,10,11450,110,16,44,5,1,1,55,197.4,0,7.2315896e-05,Low,Routine,Maintain standard customer engagement
2988,15,0,30,3,2330,53,208,13,3,2,1,30,927.32,0,0.00017140001,Low,Routine,Maintain standard customer engagement
2998,13,0,12,3,5405,57,230,12,3,1,1,30,1138.48,0,0.00035000988,Low,Routine,Maintain standard customer engagement
3004,2,0,39,0,1988,53,0,35,2,1,1,25,91.845,0,0.0001599264,Low,Routine,Maintain standard customer engagement
3020,6,0,38,1,11060,149,0,49,4,1,1,45,280.225,0,2.9242297e-05,Low,Routine,Maintain standard customer engagement
3021,7,0,38,1,6313,70,90,39,2,1,1,25,692.235,0,0.00027504275,Low,Routine,Maintain standard customer engagement
3024,12,0,37,1,5413,93,8,26,2,1,1,25,283.77,1,0.98714775,Critical,Immediate,Escalate for immediate retention intervention
3030,2,0,34,1,6380,92,0,24,5,1,1,55,97.08,0,1.7360195e-05,Low,Routine,Maintain standard customer engagement
3032,0,0,37,1,0,0,0,0,5,1,1,55,0.0,0,0.01172686,Low,Routine,Maintain standard customer engagement
3034,5,0,35,3,6560,111,253,35,2,2,1,25,1438.695,0,0.0002682311,Low,Routine,Maintain standard customer engagement
3039,3,0,27,0,1163,34,12,70,4,1,1,45,59.925,0,0.0010530204,Low,Routine,Maintain standard customer engagement
3047,7,0,17,3,2447,40,13,21,3,1,1,30,151.48,0,0.019507192,Low,Routine,Maintain standard customer engagement
3051,5,0,41,0,623,11,14,6,3,1,2,30,81.36,0,0.23509671,Medium,Monitor,Send proactive engagement and satisfaction check
3054,8,0,40,1,2698,64,9,35,2,1,1,25,164.79,0,0.0009127359,Low,Routine,Maintain standard customer engagement
3070,12,0,39,2,11770,160,18,49,4,1,1,45,343.25,0,9.334751e-05,Low,Routine,Maintain standard customer engagement
3076,14,1,37,0,3295,47,16,18,3,1,2,30,197.68,1,0.99996805,Critical,Immediate,Escalate for immediate retention intervention
3081,5,0,38,0,933,13,16,6,4,1,2,45,63.65,1,0.98963696,Critical,Immediate,Escalate for immediate retention intervention
3095,21,0,19,2,6697,147,92,44,2,2,1,25,721.98,0,0.00022529044,Low,Routine,Maintain standard customer engagement
3101,5,0,41,0,623,11,14,6,3,1,2,30,81.36,0,0.23509671,Medium,Monitor,Send proactive engagement and satisfaction check
3104,8,0,40,1,2698,64,9,35,2,1,1,25,164.79,0,0.0009127359,Low,Routine,Maintain standard customer engagement
3120,12,0,39,2,11770,160,18,49,4,1,1,45,343.25,0,9.334751e-05,Low,Routine,Maintain standard customer engagement
3126,14,1,37,0,3295,47,16,18,3,1,2,30,197.68,1,0.99996805,Critical,Immediate,Escalate for immediate retention intervention
3127,14,1,38,0,2573,50,41,33,4,1,2,45,168.075,1,0.9997434,Critical,Immediate,Escalate for immediate retention intervention
3131,5,1,38,0,933,13,16,6,4,1,2,45,63.65,1,0.99981886,Critical,Immediate,Escalate for immediate retention intervention
3145,21,0,19,2,6697,147,92,44,2,2,1,25,721.98,0,0.00022529044,Low,Routine,Maintain standard customer engagement
